"Live births: Länder, years, sex",,,,,,,,,,,,,,,,,,,,,,,,,,,,,,,,,,,,,,,,,,,,,,,,,,,,,,,,,,,,,,,,,,,,,,,,,
Birth statistics,,,,,,,,,,,,,,,,,,,,,,,,,,,,,,,,,,,,,,,,,,,,,,,,,,,,,,,,,,,,,,,,,,,,,,,,,
Live births (number),,,,,,,,,,,,,,,,,,,,,,,,,,,,,,,,,,,,,,,,,,,,,,,,,,,,,,,,,,,,,,,,,,,,,,,,,
"Länder
Sex",,1990,,1991,,1992,,1993,,1994,,1995,,1996,,1997,,1998,,1999,,2000,,2001,,2002,,2003,,2004,,2005,,2006,,2007,,2008,,2009,,2010,,2011,,2012,,2013,,2014,,2015,,2016,,2017,,2018,,2019,,2020,,2021,,2022,,2023,,2024,,2025,
Baden-Württemberg,Male,"60,680",e,"60,363",e,"60,600",e,"60,594",e,"58,497",e,"57,878",e,"58,903",e,"59,724",e,"57,010",e,"55,794",e,"54,399",e,"52,142",e,"51,404",e,"50,545",e,"49,715",e,"48,279",e,"47,091",e,"47,382",e,"46,997",e,"45,864",e,"46,578",e,"45,425",e,"45,863",e,"47,047",e,"49,271",e,"50,981",e,"55,194",e,"55,015",e,"55,695",e,"55,928",e,"55,755",e,"57,765",e,"53,708",e,"50,370",e,"50,179",e,"48,239",p
,Female,"57,899",e,"57,165",e,"56,959",e,"57,388",e,"54,901",e,"54,581",e,"55,754",e,"56,695",e,"54,046",e,"52,179",e,"51,783",e,"49,224",e,"48,200",e,"47,051",e,"46,940",e,"46,000",e,"44,864",e,"45,441",e,"44,912",e,"43,814",e,"44,117",e,"43,398",e,"43,614",e,"44,458",e,"46,361",e,"49,288",e,"52,293",e,"52,360",e,"53,224",e,"53,057",e,"52,269",e,"55,769",e,"50,841",e,"48,049",e,"47,328",e,"45,823",p
,Total,"118,579",e,"117,528",e,"117,559",e,"117,982",e,"113,398",e,"112,459",e,"114,657",e,"116,419",e,"111,056",e,"107,973",e,"106,182",e,"101,366",e,"99,604",e,"97,596",e,"96,655",e,"94,279",e,"91,955",e,"92,823",e,"91,909",e,"89,678",e,"90,695",e,"88,823",e,"89,477",e,"91,505",e,"95,632",e,"100,269",e,"107,487",e,"107,375",e,"108,919",e,"108,985",e,"108,024",e,"113,534",e,"104,549",e,"98,419",e,"97,507",e,"94,062",p
Bayern,Male,"69,950",e,"69,297",e,"68,396",e,"68,762",e,"65,808",e,"64,625",e,"66,592",e,"66,876",e,"65,047",e,"63,715",e,"61,673",e,"59,813",e,"58,264",e,"57,071",e,"56,680",e,"55,146",e,"53,893",e,"54,640",e,"54,603",e,"53,312",e,"53,769",e,"53,480",e,"55,138",e,"55,913",e,"58,695",e,"60,511",e,"64,503",e,"64,294",e,"65,272",e,"65,760",e,"65,932",e,"68,881",e,"64,000",e,"59,917",e,"58,668",e,"56,900",p
,Female,"66,172",e,"65,103",e,"65,550",e,"65,135",e,"62,020",e,"61,370",e,"62,784",e,"63,641",e,"61,482",e,"59,529",e,"59,092",e,"56,151",e,"55,554",e,"54,465",e,"54,484",e,"52,162",e,"50,929",e,"52,230",e,"51,695",e,"50,398",e,"51,482",e,"50,188",e,"51,901",e,"53,649",e,"55,240",e,"57,717",e,"61,183",e,"61,893",e,"62,344",e,"62,467",e,"62,832",e,"65,440",e,"60,897",e,"56,588",e,"55,697",e,"53,673",p
,Total,"136,122",e,"134,400",e,"133,946",e,"133,897",e,"127,828",e,"125,995",e,"129,376",e,"130,517",e,"126,529",e,"123,244",e,"120,765",e,"115,964",e,"113,818",e,"111,536",e,"111,164",e,"107,308",e,"104,822",e,"106,870",e,"106,298",e,"103,710",e,"105,251",e,"103,668",e,"107,039",e,"109,562",e,"113,935",e,"118,228",e,"125,686",e,"126,187",e,"127,616",e,"128,227",e,"128,764",e,"134,321",e,"124,897",e,"116,505",e,"114,365",e,"110,573",p
Berlin,Male,"19,351",e,"15,682",e,"15,379",e,"14,715",e,"14,828",e,"14,781",e,"15,335",e,"15,697",e,"15,183",e,"15,212",e,"15,202",e,"14,634",e,"14,790",e,"14,748",e,"15,203",e,"14,941",e,"15,108",e,"16,135",e,"16,483",e,"16,394",e,"17,090",e,"17,052",e,"17,898",e,"18,045",e,"19,021",e,"19,614",e,"20,995",e,"20,723",e,"20,612",e,"20,348",e,"19,900",e,"20,176",e,"18,485",e,"17,473",e,"17,362",e,"16,973",p
,Female,"18,245",e,"14,880",e,"14,288",e,"14,009",e,"13,675",e,"13,867",e,"14,570",e,"14,672",e,"14,429",e,"14,644",e,"14,493",e,"13,990",e,"14,011",e,"13,975",e,"14,243",e,"14,035",e,"14,519",e,"15,039",e,"15,453",e,"15,710",e,"16,303",e,"16,023",e,"16,780",e,"16,993",e,"18,347",e,"18,416",e,"20,091",e,"19,437",e,"19,591",e,"19,155",e,"18,793",e,"18,992",e,"17,244",e,"16,647",e,"16,387",e,"16,258",p
,Total,"37,596",e,"30,562",e,"29,667",e,"28,724",e,"28,503",e,"28,648",e,"29,905",e,"30,369",e,"29,612",e,"29,856",e,"29,695",e,"28,624",e,"28,801",e,"28,723",e,"29,446",e,"28,976",e,"29,627",e,"31,174",e,"31,936",e,"32,104",e,"33,393",e,"33,075",e,"34,678",e,"35,038",e,"37,368",e,"38,030",e,"41,086",e,"40,160",e,"40,203",e,"39,503",e,"38,693",e,"39,168",e,"35,729",e,"34,120",e,"33,749",e,"33,233",p
Brandenburg,Male,"15,078",e,"8,680",e,"6,944",e,"6,360",e,"6,363",e,"6,905",e,"7,852",e,"8,365",e,"8,836",e,"9,145",e,"9,461",e,"9,075",e,"9,167",e,"9,276",e,"9,259",e,"9,125",e,"9,258",e,"9,547",e,"9,560",e,"9,534",e,"9,831",e,"9,291",e,"9,418",e,"9,399",e,"9,957",e,"9,900",e,"10,747",e,"10,411",e,"10,265",e,"9,956",e,"9,811",e,"9,759",e,"8,978",e,"8,136",e,"7,908",e,"7,466",p
,Female,"14,160",e,"8,535",e,"6,525",e,"5,878",e,"6,080",e,"6,589",e,"7,288",e,"8,005",e,"8,310",e,"8,783",e,"8,983",e,"8,617",e,"8,537",e,"8,694",e,"8,889",e,"8,785",e,"8,625",e,"9,042",e,"9,248",e,"9,003",e,"9,123",e,"8,988",e,"9,064",e,"8,956",e,"9,382",e,"9,212",e,"10,187",e,"9,926",e,"9,616",e,"9,373",e,"9,187",e,"9,270",e,"8,461",e,"7,749",e,"7,246",e,"7,030",p
,Total,"29,238",e,"17,215",e,"13,469",e,"12,238",e,"12,443",e,"13,494",e,"15,140",e,"16,370",e,"17,146",e,"17,928",e,"18,444",e,"17,692",e,"17,704",e,"17,970",e,"18,148",e,"17,910",e,"17,883",e,"18,589",e,"18,808",e,"18,537",e,"18,954",e,"18,279",e,"18,482",e,"18,355",e,"19,339",e,"19,112",e,"20,934",e,"20,337",e,"19,881",e,"19,329",e,"18,998",e,"19,029",e,"17,439",e,"15,885",e,"15,154",e,"14,495",p
Bremen,Male,"3,588",e,"3,505",e,"3,491",e,"3,476",e,"3,240",e,"3,245",e,"3,474",e,"3,420",e,"3,258",e,"3,091",e,"3,120",e,"2,982",e,"2,853",e,"2,837",e,"2,814",e,"2,894",e,"2,903",e,"2,865",e,"2,825",e,"2,837",e,"2,874",e,"2,800",e,"2,874",e,"2,954",e,"3,244",e,"3,341",e,"3,683",e,"3,615",e,"3,655",e,"3,788",e,"3,540",e,"3,589",e,"3,473",e,"3,393",e,"3,210",e,"3,077",p
,Female,"3,307",e,"3,284",e,"3,266",e,"3,180",e,"3,048",e,"3,184",e,"3,149",e,"3,224",e,"3,102",e,"3,005",e,"2,950",e,"2,849",e,"2,631",e,"2,740",e,"2,628",e,"2,595",e,"2,603",e,"2,726",e,"2,744",e,"2,644",e,"2,725",e,"2,588",e,"2,765",e,"2,795",e,"2,967",e,"3,168",e,"3,453",e,"3,385",e,"3,508",e,"3,361",e,"3,428",e,"3,382",e,"3,247",e,"3,222",e,"3,041",e,"3,071",p
,Total,"6,895",e,"6,789",e,"6,757",e,"6,656",e,"6,288",e,"6,429",e,"6,623",e,"6,644",e,"6,360",e,"6,096",e,"6,070",e,"5,831",e,"5,484",e,"5,577",e,"5,442",e,"5,489",e,"5,506",e,"5,591",e,"5,569",e,"5,481",e,"5,599",e,"5,388",e,"5,639",e,"5,749",e,"6,211",e,"6,509",e,"7,136",e,"7,000",e,"7,163",e,"7,149",e,"6,968",e,"6,971",e,"6,720",e,"6,615",e,"6,251",e,"6,148",p
Hamburg,Male,"8,689",e,"8,497",e,"8,448",e,"8,300",e,"8,338",e,"8,182",e,"8,605",e,"8,715",e,"8,228",e,"8,226",e,"8,326",e,"8,082",e,"8,045",e,"8,224",e,"8,266",e,"8,233",e,"8,344",e,"8,636",e,"8,583",e,"8,657",e,"8,923",e,"8,763",e,"9,195",e,"9,226",e,"9,673",e,"10,116",e,"10,912",e,"10,901",e,"10,911",e,"10,674",e,"10,556",e,"10,760",e,"9,780",e,"9,311",e,"8,980",e,"8,976",p
,Female,"8,004",e,"8,006",e,"8,049",e,"7,957",e,"7,863",e,"7,690",e,"7,989",e,"8,255",e,"8,007",e,"7,808",e,"7,833",e,"7,704",e,"7,662",e,"7,692",e,"7,837",e,"7,946",e,"7,745",e,"8,091",e,"8,168",e,"8,122",e,"8,454",e,"8,362",e,"8,511",e,"8,911",e,"9,366",e,"9,652",e,"10,568",e,"10,232",e,"10,215",e,"10,266",e,"9,875",e,"10,258",e,"9,274",e,"8,953",e,"8,573",e,"8,661",p
,Total,"16,693",e,"16,503",e,"16,497",e,"16,257",e,"16,201",e,"15,872",e,"16,594",e,"16,970",e,"16,235",e,"16,034",e,"16,159",e,"15,786",e,"15,707",e,"15,916",e,"16,103",e,"16,179",e,"16,089",e,"16,727",e,"16,751",e,"16,779",e,"17,377",e,"17,125",e,"17,706",e,"18,137",e,"19,039",e,"19,768",e,"21,480",e,"21,133",e,"21,126",e,"20,940",e,"20,431",e,"21,018",e,"19,054",e,"18,264",e,"17,553",e,"17,637",p
Hessen,Male,"31,815",e,"31,426",e,"31,213",e,"31,583",e,"31,008",e,"30,826",e,"32,090",e,"32,434",e,"31,087",e,"30,322",e,"30,113",e,"29,008",e,"28,457",e,"27,776",e,"27,840",e,"27,315",e,"26,225",e,"27,095",e,"26,525",e,"26,083",e,"26,392",e,"26,366",e,"26,545",e,"26,626",e,"27,817",e,"29,308",e,"30,981",e,"31,240",e,"31,347",e,"30,947",e,"30,520",e,"31,854",e,"29,342",e,"27,610",e,"27,406",e,"26,509",p
,Female,"30,211",e,"29,898",e,"29,933",e,"30,027",e,"29,557",e,"29,032",e,"30,301",e,"30,690",e,"29,480",e,"28,674",e,"28,704",e,"27,220",e,"26,867",e,"26,624",e,"26,492",e,"26,054",e,"25,179",e,"25,521",e,"25,227",e,"24,661",e,"25,350",e,"25,113",e,"25,062",e,"25,559",e,"26,814",e,"27,581",e,"29,750",e,"29,748",e,"29,665",e,"29,115",e,"28,869",e,"29,692",e,"28,018",e,"26,075",e,"25,683",e,"25,230",p
,Total,"62,026",e,"61,324",e,"61,146",e,"61,610",e,"60,565",e,"59,858",e,"62,391",e,"63,124",e,"60,567",e,"58,996",e,"58,817",e,"56,228",e,"55,324",e,"54,400",e,"54,332",e,"53,369",e,"51,404",e,"52,616",e,"51,752",e,"50,744",e,"51,742",e,"51,479",e,"51,607",e,"52,185",e,"54,631",e,"56,889",e,"60,731",e,"60,988",e,"61,012",e,"60,062",e,"59,389",e,"61,546",e,"57,360",e,"53,685",e,"53,089",e,"51,742",p
Mecklenburg-Vorpommern,Male,"11,951",e,"6,927",e,"5,567",e,"4,905",e,"4,622",e,"5,086",e,"5,733",e,"6,264",e,"6,212",e,"6,466",e,"6,825",e,"6,644",e,"6,433",e,"6,502",e,"6,664",e,"6,244",e,"6,470",e,"6,561",e,"6,637",e,"6,558",e,"6,803",e,"6,494",e,"6,491",e,"6,427",e,"6,545",e,"6,761",e,"6,832",e,"6,669",e,"6,682",e,"6,494",e,"6,256",e,"6,036",e,"5,547",e,"5,053",e,"4,706",e,"4,277",p
,Female,"11,552",e,"6,708",e,"5,308",e,"4,527",e,"4,312",e,"4,792",e,"5,355",e,"5,782",e,"6,034",e,"6,123",e,"6,494",e,"6,324",e,"6,071",e,"6,280",e,"6,381",e,"6,113",e,"6,168",e,"6,225",e,"6,461",e,"6,456",e,"6,534",e,"6,144",e,"6,224",e,"6,133",e,"6,285",e,"6,537",e,"6,610",e,"6,412",e,"6,350",e,"6,136",e,"5,805",e,"5,809",e,"5,273",e,"4,618",e,"4,451",e,"4,113",p
,Total,"23,503",e,"13,635",e,"10,875",e,"9,432",e,"8,934",e,"9,878",e,"11,088",e,"12,046",e,"12,246",e,"12,589",e,"13,319",e,"12,968",e,"12,504",e,"12,782",e,"13,045",e,"12,357",e,"12,638",e,"12,786",e,"13,098",e,"13,014",e,"13,337",e,"12,638",e,"12,715",e,"12,560",e,"12,830",e,"13,298",e,"13,442",e,"13,081",e,"13,032",e,"12,630",e,"12,061",e,"11,845",e,"10,820",e,"9,671",e,"9,157",e,"8,387",p
Niedersachsen,Male,"42,505",e,"42,795",e,"42,746",e,"43,430",e,"41,926",e,"41,511",e,"43,132",e,"43,866",e,"42,246",e,"41,429",e,"40,943",e,"38,461",e,"37,444",e,"36,105",e,"35,914",e,"34,281",e,"33,656",e,"33,689",e,"33,209",e,"32,075",e,"32,469",e,"31,440",e,"31,562",e,"32,179",e,"34,277",e,"34,710",e,"38,471",e,"37,205",e,"37,922",e,"37,525",e,"38,075",e,"39,348",e,"36,559",e,"34,266",e,"33,658",e,"32,665",p
,Female,"39,947",e,"40,327",e,"40,923",e,"41,149",e,"39,594",e,"39,483",e,"40,523",e,"42,041",e,"39,961",e,"39,054",e,"38,493",e,"36,778",e,"35,749",e,"34,458",e,"34,457",e,"32,712",e,"31,671",e,"31,637",e,"31,678",e,"30,153",e,"30,661",e,"29,840",e,"29,916",e,"30,700",e,"32,129",e,"32,473",e,"36,744",e,"35,815",e,"35,730",e,"35,761",e,"36,044",e,"37,093",e,"34,730",e,"32,896",e,"31,988",e,"30,747",p
,Total,"82,452",e,"83,122",e,"83,669",e,"84,579",e,"81,520",e,"80,994",e,"83,655",e,"85,907",e,"82,207",e,"80,483",e,"79,436",e,"75,239",e,"73,193",e,"70,563",e,"70,371",e,"66,993",e,"65,327",e,"65,326",e,"64,887",e,"62,228",e,"63,130",e,"61,280",e,"61,478",e,"62,879",e,"66,406",e,"67,183",e,"75,215",e,"73,020",e,"73,652",e,"73,286",e,"74,119",e,"76,441",e,"71,289",e,"67,162",e,"65,646",e,"63,410",p
Nordrhein-Westfalen,Male,"102,383",e,"101,686",e,"101,288",e,"99,456",e,"95,599",e,"93,399",e,"96,625",e,"97,900",e,"93,731",e,"90,504",e,"90,030",e,"86,250",e,"84,012",e,"82,242",e,"81,168",e,"79,082",e,"76,863",e,"77,579",e,"77,027",e,"74,225",e,"75,642",e,"73,255",e,"74,607",e,"75,384",e,"79,549",e,"82,428",e,"88,627",e,"88,663",e,"88,953",e,"87,508",e,"87,540",e,"90,228",e,"84,455",e,"79,714",e,"78,434",e,"76,258",p
,Female,"96,911",e,"96,750",e,"95,611",e,"94,700",e,"90,480",e,"88,994",e,"91,868",e,"92,486",e,"88,556",e,"86,074",e,"85,114",e,"81,502",e,"79,422",e,"77,641",e,"76,886",e,"74,290",e,"73,062",e,"73,589",e,"72,980",e,"70,804",e,"71,691",e,"69,842",e,"71,148",e,"71,033",e,"75,553",e,"78,040",e,"84,647",e,"83,316",e,"84,197",e,"82,883",e,"82,498",e,"85,158",e,"80,041",e,"75,801",e,"74,254",e,"71,703",p
,Total,"199,294",e,"198,436",e,"196,899",e,"194,156",e,"186,079",e,"182,393",e,"188,493",e,"190,386",e,"182,287",e,"176,578",e,"175,144",e,"167,752",e,"163,434",e,"159,883",e,"158,054",e,"153,372",e,"149,925",e,"151,168",e,"150,007",e,"145,029",e,"147,333",e,"143,097",e,"145,755",e,"146,417",e,"155,102",e,"160,468",e,"173,274",e,"171,979",e,"173,150",e,"170,391",e,"170,038",e,"175,386",e,"164,496",e,"155,515",e,"152,688",e,"147,962",p
Rheinland-Pfalz,Male,"21,961",e,"21,578",e,"21,605",e,"21,894",e,"20,802",e,"20,323",e,"21,201",e,"21,387",e,"20,244",e,"19,541",e,"19,309",e,"18,515",e,"17,792",e,"17,525",e,"17,349",e,"16,716",e,"16,404",e,"16,801",e,"16,524",e,"15,868",e,"16,189",e,"15,923",e,"16,009",e,"16,371",e,"17,112",e,"17,912",e,"19,374",e,"19,419",e,"19,327",e,"19,020",e,"19,243",e,"19,796",e,"18,824",e,"17,647",e,"17,148",e,"16,647",p
,Female,"20,771",e,"20,733",e,"21,117",e,"20,397",e,"19,737",e,"19,361",e,"19,725",e,"20,290",e,"19,395",e,"18,649",e,"18,517",e,"17,266",e,"16,949",e,"16,558",e,"16,072",e,"15,876",e,"15,351",e,"15,735",e,"15,699",e,"15,013",e,"15,385",e,"15,158",e,"15,160",e,"15,618",e,"16,315",e,"17,034",e,"18,144",e,"18,024",e,"18,320",e,"18,153",e,"18,389",e,"18,851",e,"17,907",e,"16,846",e,"16,458",e,"15,700",p
,Total,"42,732",e,"42,311",e,"42,722",e,"42,291",e,"40,539",e,"39,684",e,"40,926",e,"41,677",e,"39,639",e,"38,190",e,"37,826",e,"35,781",e,"34,741",e,"34,083",e,"33,421",e,"32,592",e,"31,755",e,"32,536",e,"32,223",e,"30,881",e,"31,574",e,"31,081",e,"31,169",e,"31,989",e,"33,427",e,"34,946",e,"37,518",e,"37,443",e,"37,647",e,"37,173",e,"37,632",e,"38,647",e,"36,731",e,"34,493",e,"33,606",e,"32,347",p
Saarland,Male,"5,803",e,"5,759",e,"5,578",e,"5,473",e,"5,134",e,"4,953",e,"5,083",e,"5,086",e,"4,674",e,"4,493",e,"4,522",e,"4,223",e,"4,056",e,"3,906",e,"3,971",e,"3,841",e,"3,807",e,"3,723",e,"3,717",e,"3,527",e,"3,553",e,"3,678",e,"3,509",e,"3,552",e,"3,756",e,"3,957",e,"4,103",e,"4,266",e,"4,228",e,"4,111",e,"4,210",e,"4,227",e,"3,960",e,"3,959",e,"3,912",e,"3,753",p
,Female,"5,407",e,"5,293",e,"5,376",e,"5,180",e,"4,894",e,"4,774",e,"4,893",e,"4,901",e,"4,437",e,"4,448",e,"4,261",e,"3,973",e,"3,823",e,"3,692",e,"3,689",e,"3,643",e,"3,415",e,"3,551",e,"3,441",e,"3,400",e,"3,513",e,"3,410",e,"3,369",e,"3,296",e,"3,572",e,"3,554",e,"4,112",e,"4,047",e,"3,921",e,"3,895",e,"3,945",e,"4,112",e,"3,854",e,"3,810",e,"3,654",e,"3,589",p
,Total,"11,210",e,"11,052",e,"10,954",e,"10,653",e,"10,028",e,"9,727",e,"9,976",e,"9,987",e,"9,111",e,"8,941",e,"8,783",e,"8,196",e,"7,879",e,"7,598",e,"7,660",e,"7,484",e,"7,222",e,"7,274",e,"7,158",e,"6,927",e,"7,066",e,"7,088",e,"6,878",e,"6,848",e,"7,328",e,"7,511",e,"8,215",e,"8,313",e,"8,149",e,"8,006",e,"8,155",e,"8,339",e,"7,814",e,"7,769",e,"7,566",e,"7,341",p
Sachsen,Male,"25,507",e,"16,096",e,"12,968",e,"12,103",e,"11,710",e,"12,288",e,"13,792",e,"14,819",e,"15,467",e,"16,115",e,"17,003",e,"16,488",e,"16,003",e,"16,261",e,"16,920",e,"16,639",e,"16,737",e,"17,424",e,"17,658",e,"17,607",e,"17,920",e,"17,688",e,"17,750",e,"18,043",e,"18,344",e,"18,783",e,"19,417",e,"18,807",e,"18,440",e,"17,660",e,"17,129",e,"16,760",e,"15,022",e,"13,475",e,"12,643",e,"11,820",p
,Female,"24,165",e,"15,182",e,"12,330",e,"11,320",e,"11,024",e,"11,716",e,"13,214",e,"14,189",e,"14,723",e,"15,268",e,"16,136",e,"15,455",e,"15,515",e,"15,818",e,"16,124",e,"15,942",e,"15,819",e,"16,434",e,"16,753",e,"16,486",e,"17,171",e,"16,735",e,"16,936",e,"16,757",e,"17,591",e,"17,683",e,"18,523",e,"18,026",e,"17,450",e,"16,831",e,"16,254",e,"15,788",e,"14,309",e,"12,719",e,"12,054",e,"11,306",p
,Total,"49,672",e,"31,278",e,"25,298",e,"23,423",e,"22,734",e,"24,004",e,"27,006",e,"29,008",e,"30,190",e,"31,383",e,"33,139",e,"31,943",e,"31,518",e,"32,079",e,"33,044",e,"32,581",e,"32,556",e,"33,858",e,"34,411",e,"34,093",e,"35,091",e,"34,423",e,"34,686",e,"34,800",e,"35,935",e,"36,466",e,"37,940",e,"36,833",e,"35,890",e,"34,491",e,"33,383",e,"32,548",e,"29,331",e,"26,194",e,"24,697",e,"23,127",p
Sachsen-Anhalt,Male,"16,486",e,"9,963",e,"8,446",e,"7,503",e,"7,327",e,"7,529",e,"8,326",e,"8,955",e,"8,969",e,"9,426",e,"9,716",e,"9,313",e,"9,113",e,"8,696",e,"9,012",e,"8,674",e,"8,838",e,"8,942",e,"9,079",e,"8,853",e,"8,802",e,"8,658",e,"8,599",e,"8,542",e,"8,816",e,"8,841",e,"9,335",e,"9,183",e,"8,872",e,"8,529",e,"8,280",e,"8,306",e,"7,400",e,"6,913",e,"6,387",e,"6,147",p
,Female,"15,351",e,"9,496",e,"7,838",e,"7,107",e,"6,953",e,"7,039",e,"7,826",e,"8,239",e,"8,544",e,"8,750",e,"9,007",e,"8,760",e,"8,504",e,"8,193",e,"8,325",e,"8,492",e,"8,089",e,"8,445",e,"8,618",e,"8,291",e,"8,498",e,"8,179",e,"8,289",e,"8,255",e,"8,248",e,"8,574",e,"8,757",e,"8,654",e,"8,538",e,"8,089",e,"7,833",e,"7,718",e,"7,106",e,"6,637",e,"6,139",e,"5,831",p
,Total,"31,837",e,"19,459",e,"16,284",e,"14,610",e,"14,280",e,"14,568",e,"16,152",e,"17,194",e,"17,513",e,"18,176",e,"18,723",e,"18,073",e,"17,617",e,"16,889",e,"17,337",e,"17,166",e,"16,927",e,"17,387",e,"17,697",e,"17,144",e,"17,300",e,"16,837",e,"16,888",e,"16,797",e,"17,064",e,"17,415",e,"18,092",e,"17,837",e,"17,410",e,"16,618",e,"16,113",e,"16,024",e,"14,506",e,"13,550",e,"12,526",e,"11,978",p
Schleswig-Holstein,Male,"14,936",e,"14,930",e,"14,712",e,"14,720",e,"14,182",e,"14,035",e,"14,714",e,"15,085",e,"14,232",e,"14,040",e,"13,712",e,"13,082",e,"12,746",e,"12,446",e,"12,416",e,"11,779",e,"11,727",e,"11,895",e,"11,554",e,"11,306",e,"11,502",e,"10,868",e,"11,336",e,"11,170",e,"11,589",e,"12,097",e,"12,957",e,"12,845",e,"12,924",e,"12,663",e,"12,411",e,"13,051",e,"12,299",e,"11,442",e,"11,186",e,"10,740",p
,Female,"14,110",e,"14,005",e,"14,045",e,"13,912",e,"13,360",e,"13,395",e,"14,052",e,"13,995",e,"13,497",e,"13,311",e,"13,208",e,"12,599",e,"12,169",e,"11,769",e,"11,674",e,"11,248",e,"10,959",e,"11,066",e,"11,124",e,"10,617",e,"11,076",e,"10,463",e,"10,669",e,"10,652",e,"11,204",e,"11,452",e,"12,463",e,"12,221",e,"12,312",e,"11,990",e,"11,974",e,"12,247",e,"11,654",e,"10,748",e,"10,574",e,"10,034",p
,Total,"29,046",e,"28,935",e,"28,757",e,"28,632",e,"27,542",e,"27,430",e,"28,766",e,"29,080",e,"27,729",e,"27,351",e,"26,920",e,"25,681",e,"24,915",e,"24,215",e,"24,090",e,"23,027",e,"22,686",e,"22,961",e,"22,678",e,"21,923",e,"22,578",e,"21,331",e,"22,005",e,"21,822",e,"22,793",e,"23,549",e,"25,420",e,"25,066",e,"25,236",e,"24,653",e,"24,385",e,"25,298",e,"23,953",e,"22,190",e,"21,760",e,"20,776",p
Thüringen,Male,"14,696",e,"8,914",e,"7,426",e,"6,797",e,"6,485",e,"7,163",e,"7,756",e,"8,413",e,"8,441",e,"8,777",e,"8,969",e,"8,874",e,"8,698",e,"8,549",e,"8,826",e,"8,568",e,"8,492",e,"8,925",e,"8,881",e,"8,549",e,"8,900",e,"8,718",e,"8,835",e,"8,942",e,"9,169",e,"9,218",e,"9,454",e,"9,254",e,"8,947",e,"8,381",e,"8,227",e,"7,938",e,"7,279",e,"6,620",e,"5,930",e,"5,702",p
,Female,"14,084",e,"8,556",e,"7,189",e,"6,510",e,"6,236",e,"6,625",e,"7,509",e,"8,062",e,"8,166",e,"8,149",e,"8,608",e,"8,477",e,"8,309",e,"8,362",e,"8,484",e,"8,145",e,"7,910",e,"8,251",e,"8,451",e,"8,305",e,"8,627",e,"8,355",e,"8,507",e,"8,484",e,"8,718",e,"8,716",e,"9,021",e,"8,878",e,"8,490",e,"8,266",e,"7,764",e,"7,439",e,"6,852",e,"6,332",e,"5,873",e,"5,351",p
,Total,"28,780",e,"17,470",e,"14,615",e,"13,307",e,"12,721",e,"13,788",e,"15,265",e,"16,475",e,"16,607",e,"16,926",e,"17,577",e,"17,351",e,"17,007",e,"16,911",e,"17,310",e,"16,713",e,"16,402",e,"17,176",e,"17,332",e,"16,854",e,"17,527",e,"17,073",e,"17,342",e,"17,426",e,"17,887",e,"17,934",e,"18,475",e,"18,132",e,"17,437",e,"16,647",e,"15,991",e,"15,377",e,"14,131",e,"12,952",e,"11,803",e,"11,053",p
______________,,,,,,,,,,,,,,,,,,,,,,,,,,,,,,,,,,,,,,,,,,,,,,,,,,,,,,,,,,,,,,,,,,,,,,,,,
,,,,,,,,,,,,,,,,,,,,,,,,,,,,,,,,,,,,,,,,,,,,,,,,,,,,,,,,,,,,,,,,,,,,,,,,,
"© Federal Statistical Office, Wiesbaden 2026 | created: 2026-05-28 / 20:41:35",,,,,,,,,,,,,,,,,,,,,,,,,,,,,,,,,,,,,,,,,,,,,,,,,,,,,,,,,,,,,,,,,,,,,,,,,
